{
    "dataset": "new_recorder_whole_merged_batches",
    "algorithm": "grownet",
    "config": {
        "source": "output_pasterquality/new_recorder_whole_merged_batches/grownet/tuned",
        "seeds": [
            10,
            11,
            12,
            13,
            14
        ],
        "count": 5
    },
    "metrics": {
        "train": {
            "rmse": 1.8480516929434336,
            "score": -1.8480516929434336
        },
        "val": {
            "rmse": 2.865671958781527,
            "score": -2.865671958781527
        },
        "test": {
            "rmse": 2.671311474104569,
            "score": -2.671311474104569
        }
    }
}
