{
    "dataset": "new_recorder_whole_merged_batches",
    "algorithm": "ft_transformer",
    "config": {
        "source": "output_pasterquality/new_recorder_whole_merged_batches/ft_transformer/tuned",
        "seeds": [
            5,
            6,
            7,
            8,
            9
        ],
        "count": 5
    },
    "metrics": {
        "train": {
            "rmse": 2.2897060768688013,
            "score": -2.2897060768688013
        },
        "val": {
            "rmse": 2.56369814329108,
            "score": -2.56369814329108
        },
        "test": {
            "rmse": 2.7733087068030557,
            "score": -2.7733087068030557
        }
    }
}
