{
    "dataset": "tabular_split_1",
    "algorithm": "ft_transformer",
    "config": {
        "source": "output_pasterquality/tabular_split_1/ft_transformer/tuned",
        "seeds": [
            5,
            6,
            7,
            8,
            9
        ],
        "count": 5
    },
    "metrics": {
        "train": {
            "rmse": 2.4683103054676905,
            "score": -2.4683103054676905
        },
        "val": {
            "rmse": 1.9720826161297949,
            "score": -1.9720826161297949
        },
        "test": {
            "rmse": 3.2910913985407086,
            "score": -3.2910913985407086
        }
    }
}
