{
    "dataset": "tabular_split_0",
    "algorithm": "dcn2",
    "config": {
        "source": "output_pasterquality/tabular_split_0/dcn2/tuned",
        "seeds": [
            0,
            1,
            2,
            3,
            4
        ],
        "count": 5
    },
    "metrics": {
        "train": {
            "rmse": 1.8519748749232117,
            "score": -1.8519748749232117
        },
        "val": {
            "rmse": 2.646649788732039,
            "score": -2.646649788732039
        },
        "test": {
            "rmse": 2.4624155993851566,
            "score": -2.4624155993851566
        }
    }
}
