{
    "dataset": "new_recorder_whole_merged_batches",
    "algorithm": "catboost_",
    "config": {
        "source": "output_pasterquality/new_recorder_whole_merged_batches/catboost_/tuned",
        "seeds": [
            0,
            1,
            2,
            3,
            4
        ],
        "count": 5
    },
    "metrics": {
        "train": {
            "rmse": 1.957353726570645,
            "score": -1.957353726570645
        },
        "val": {
            "rmse": 3.758015872634523,
            "score": -3.758015872634523
        },
        "test": {
            "rmse": 3.8848844169348298,
            "score": -3.8848844169348298
        }
    }
}
