{
    "dataset": "tabular_split_3",
    "algorithm": "grownet",
    "config": {
        "source": "output_pasterquality/tabular_split_3/grownet/tuned",
        "seeds": [
            0,
            1,
            2,
            3,
            4
        ],
        "count": 5
    },
    "metrics": {
        "train": {
            "rmse": 1.8594323984995162,
            "score": -1.8594323984995162
        },
        "val": {
            "rmse": 2.7554652457306497,
            "score": -2.7554652457306497
        },
        "test": {
            "rmse": 2.5677252925742646,
            "score": -2.5677252925742646
        }
    }
}
