{
    "dataset": "data/tabular_split_2",
    "algorithm": "tabnet",
    "config": {
        "source": "output_pasterquality/tabular_split_2/tabnet/tuned",
        "seeds": [
            5,
            6,
            7,
            8,
            9
        ],
        "count": 5
    },
    "metrics": {
        "train": {
            "rmse": 4.3678394016342805,
            "score": -4.3678394016342805
        },
        "val": {
            "rmse": 3.397312681185022,
            "score": -3.397312681185022
        },
        "test": {
            "rmse": 5.9150817954562775,
            "score": -5.9150817954562775
        }
    }
}
