{
    "dataset": "tabular_split_3",
    "algorithm": "snn",
    "config": {
        "source": "output_pasterquality/tabular_split_3/snn/tuned",
        "seeds": [
            0,
            1,
            2,
            3,
            4
        ],
        "count": 5
    },
    "metrics": {
        "train": {
            "rmse": 2.135465656541865,
            "score": -2.135465656541865
        },
        "val": {
            "rmse": 2.4793322865144023,
            "score": -2.4793322865144023
        },
        "test": {
            "rmse": 2.8426921537003045,
            "score": -2.8426921537003045
        }
    }
}
