{
    "dataset": "tabular_split_4",
    "algorithm": "ft_transformer",
    "config": {
        "source": "output_pasterquality/tabular_split_4/ft_transformer/tuned",
        "seeds": [
            5,
            6,
            7,
            8,
            9
        ],
        "count": 5
    },
    "metrics": {
        "train": {
            "rmse": 2.074561653863768,
            "score": -2.074561653863768
        },
        "val": {
            "rmse": 2.7007545746544492,
            "score": -2.7007545746544492
        },
        "test": {
            "rmse": 2.3183603243998405,
            "score": -2.3183603243998405
        }
    }
}
