{
    "dataset": "tabular_split_6",
    "algorithm": "resnet",
    "config": {
        "source": "output_pasterquality/tabular_split_6/resnet/tuned",
        "seeds": [
            10,
            11,
            12,
            13,
            14
        ],
        "count": 5
    },
    "metrics": {
        "train": {
            "rmse": 2.3702000119768076,
            "score": -2.3702000119768076
        },
        "val": {
            "rmse": 2.605935997768963,
            "score": -2.605935997768963
        },
        "test": {
            "rmse": 1.990696380573523,
            "score": -1.990696380573523
        }
    }
}
