{
    "dataset": "new_recorder_whole_merged_batches",
    "algorithm": "autoint",
    "config": {
        "source": "output_pasterquality/new_recorder_whole_merged_batches/autoint/tuned",
        "seeds": [
            0,
            1,
            2,
            3,
            4
        ],
        "count": 5
    },
    "metrics": {
        "train": {
            "rmse": 2.273056657038333,
            "score": -2.273056657038333
        },
        "val": {
            "rmse": 2.7265764033350317,
            "score": -2.7265764033350317
        },
        "test": {
            "rmse": 3.0167626003840744,
            "score": -3.0167626003840744
        }
    }
}
