{
    "dataset": "data/tabular_split_6",
    "algorithm": "tabnet",
    "config": {
        "source": "output_pasterquality/tabular_split_6/tabnet/tuned",
        "seeds": [
            0,
            1,
            2,
            3,
            4
        ],
        "count": 5
    },
    "metrics": {
        "train": {
            "rmse": 4.255352185789087,
            "score": -4.255352185789087
        },
        "val": {
            "rmse": 2.734507450242318,
            "score": -2.734507450242318
        },
        "test": {
            "rmse": 2.372294855455323,
            "score": -2.372294855455323
        }
    }
}
