{
    "dataset": "tabular_split_0",
    "algorithm": "dcn2",
    "config": {
        "source": "output_pasterquality/tabular_split_0/dcn2/tuned",
        "seeds": [
            5,
            6,
            7,
            8,
            9
        ],
        "count": 5
    },
    "metrics": {
        "train": {
            "rmse": 1.84343150380324,
            "score": -1.84343150380324
        },
        "val": {
            "rmse": 2.7881697457945043,
            "score": -2.7881697457945043
        },
        "test": {
            "rmse": 2.5725275940662273,
            "score": -2.5725275940662273
        }
    }
}
