{
    "dataset": "new_recorder_whole_merged_batches",
    "algorithm": "catboost_",
    "config": {
        "source": "output_pasterquality/new_recorder_whole_merged_batches/catboost_/tuned",
        "seeds": [
            10,
            11,
            12,
            13,
            14
        ],
        "count": 5
    },
    "metrics": {
        "train": {
            "rmse": 1.781714443648744,
            "score": -1.781714443648744
        },
        "val": {
            "rmse": 3.632286611039037,
            "score": -3.632286611039037
        },
        "test": {
            "rmse": 3.571387586451082,
            "score": -3.571387586451082
        }
    }
}
