{
    "dataset": "tabular_split_3",
    "algorithm": "snn",
    "config": {
        "source": "output_pasterquality/tabular_split_3/snn/tuned",
        "seeds": [
            10,
            11,
            12,
            13,
            14
        ],
        "count": 5
    },
    "metrics": {
        "train": {
            "rmse": 1.404704364906581,
            "score": -1.404704364906581
        },
        "val": {
            "rmse": 2.4889886960266536,
            "score": -2.4889886960266536
        },
        "test": {
            "rmse": 2.5084704616818794,
            "score": -2.5084704616818794
        }
    }
}
