{
    "dataset": "data/tabular_split_4",
    "algorithm": "tabnet",
    "config": {
        "source": "output_pasterquality/tabular_split_4/tabnet/tuned",
        "seeds": [
            5,
            6,
            7,
            8,
            9
        ],
        "count": 5
    },
    "metrics": {
        "train": {
            "rmse": 10.028768900893024,
            "score": -10.028768900893024
        },
        "val": {
            "rmse": 2.7262723338128865,
            "score": -2.7262723338128865
        },
        "test": {
            "rmse": 4.802237023623321,
            "score": -4.802237023623321
        }
    }
}
