{
    "dataset": "tabular_split_6",
    "algorithm": "dcn2",
    "config": {
        "source": "output_pasterquality/tabular_split_6/dcn2/tuned",
        "seeds": [
            10,
            11,
            12,
            13,
            14
        ],
        "count": 5
    },
    "metrics": {
        "train": {
            "rmse": 2.042894080024186,
            "score": -2.042894080024186
        },
        "val": {
            "rmse": 3.6140349783564476,
            "score": -3.6140349783564476
        },
        "test": {
            "rmse": 2.401611771090461,
            "score": -2.401611771090461
        }
    }
}
