{
    "dataset": "tabular_split_1",
    "algorithm": "dcn2",
    "config": {
        "source": "output_pasterquality/tabular_split_1/dcn2/tuned",
        "seeds": [
            10,
            11,
            12,
            13,
            14
        ],
        "count": 5
    },
    "metrics": {
        "train": {
            "rmse": 2.3251004806283073,
            "score": -2.3251004806283073
        },
        "val": {
            "rmse": 2.252345754116872,
            "score": -2.252345754116872
        },
        "test": {
            "rmse": 3.3760168700213855,
            "score": -3.3760168700213855
        }
    }
}
