{
    "dataset": "tabular_split_6",
    "algorithm": "snn",
    "config": {
        "source": "output_pasterquality/tabular_split_6/snn/tuned",
        "seeds": [
            5,
            6,
            7,
            8,
            9
        ],
        "count": 5
    },
    "metrics": {
        "train": {
            "rmse": 2.0058103845749704,
            "score": -2.0058103845749704
        },
        "val": {
            "rmse": 3.023856805067754,
            "score": -3.023856805067754
        },
        "test": {
            "rmse": 2.460426166860678,
            "score": -2.460426166860678
        }
    }
}
