{
    "dataset": "new_recorder_whole_merged_batches",
    "algorithm": "mlp",
    "config": {
        "source": "output_pasterquality/new_recorder_whole_merged_batches/mlp/tuned",
        "seeds": [
            0,
            1,
            2,
            3,
            4
        ],
        "count": 5
    },
    "metrics": {
        "train": {
            "rmse": 1.9076703023530581,
            "score": -1.9076703023530581
        },
        "val": {
            "rmse": 2.616746411805321,
            "score": -2.616746411805321
        },
        "test": {
            "rmse": 3.0537527479718642,
            "score": -3.0537527479718642
        }
    }
}
