{
    "dataset": "tabular_split_5",
    "algorithm": "grownet",
    "config": {
        "source": "output_pasterquality/tabular_split_5/grownet/tuned",
        "seeds": [
            5,
            6,
            7,
            8,
            9
        ],
        "count": 5
    },
    "metrics": {
        "train": {
            "rmse": 1.227031642371513,
            "score": -1.227031642371513
        },
        "val": {
            "rmse": 2.963710237649554,
            "score": -2.963710237649554
        },
        "test": {
            "rmse": 3.4797715422821653,
            "score": -3.4797715422821653
        }
    }
}
