{
    "dataset": "tabular_split_1",
    "algorithm": "grownet",
    "config": {
        "source": "output_pasterquality/tabular_split_1/grownet/tuned",
        "seeds": [
            10,
            11,
            12,
            13,
            14
        ],
        "count": 5
    },
    "metrics": {
        "train": {
            "rmse": 1.6786251613409777,
            "score": -1.6786251613409777
        },
        "val": {
            "rmse": 3.0666860327657646,
            "score": -3.0666860327657646
        },
        "test": {
            "rmse": 3.1825871980396836,
            "score": -3.1825871980396836
        }
    }
}
