{
    "dataset": "tabular_split_3",
    "algorithm": "resnet",
    "config": {
        "source": "output_pasterquality/tabular_split_3/resnet/tuned",
        "seeds": [
            5,
            6,
            7,
            8,
            9
        ],
        "count": 5
    },
    "metrics": {
        "train": {
            "rmse": 2.9080769467658616,
            "score": -2.9080769467658616
        },
        "val": {
            "rmse": 2.5678901750904886,
            "score": -2.5678901750904886
        },
        "test": {
            "rmse": 2.5566889000170643,
            "score": -2.5566889000170643
        }
    }
}
