{
    "dataset": "tabular_split_3",
    "algorithm": "ft_transformer",
    "config": {
        "source": "output_pasterquality/tabular_split_3/ft_transformer/tuned",
        "seeds": [
            5,
            6,
            7,
            8,
            9
        ],
        "count": 5
    },
    "metrics": {
        "train": {
            "rmse": 2.1697498961344936,
            "score": -2.1697498961344936
        },
        "val": {
            "rmse": 2.2690070105658027,
            "score": -2.2690070105658027
        },
        "test": {
            "rmse": 2.558967393080279,
            "score": -2.558967393080279
        }
    }
}
