{
    "dataset": "tabular_split_2",
    "algorithm": "xgboost_",
    "config": {
        "source": "output_pasterquality/tabular_split_2/xgboost_/tuned",
        "seeds": [
            5,
            6,
            7,
            8,
            9
        ],
        "count": 5
    },
    "metrics": {
        "train": {
            "rmse": 0.4461857869155401,
            "score": -0.4461857869155401
        },
        "val": {
            "rmse": 3.6447760776006484,
            "score": -3.6447760776006484
        },
        "test": {
            "rmse": 4.797626947599175,
            "score": -4.797626947599175
        }
    }
}
