{
    "dataset": "tabular_split_1",
    "algorithm": "mlp",
    "config": {
        "source": "output_pasterquality/tabular_split_1/mlp/tuned",
        "seeds": [
            10,
            11,
            12,
            13,
            14
        ],
        "count": 5
    },
    "metrics": {
        "train": {
            "rmse": 1.7515639431004408,
            "score": -1.7515639431004408
        },
        "val": {
            "rmse": 2.3951535586439223,
            "score": -2.3951535586439223
        },
        "test": {
            "rmse": 3.159408689825202,
            "score": -3.159408689825202
        }
    }
}
