{
    "dataset": "tabular_split_0",
    "algorithm": "snn",
    "config": {
        "source": "output_pasterquality/tabular_split_0/snn/tuned",
        "seeds": [
            10,
            11,
            12,
            13,
            14
        ],
        "count": 5
    },
    "metrics": {
        "train": {
            "rmse": 1.8851913346113058,
            "score": -1.8851913346113058
        },
        "val": {
            "rmse": 2.251031114412591,
            "score": -2.251031114412591
        },
        "test": {
            "rmse": 3.4628810359317583,
            "score": -3.4628810359317583
        }
    }
}
