{
    "dataset": "tabular_split_4",
    "algorithm": "catboost_",
    "config": {
        "source": "output_pasterquality/tabular_split_4/catboost_/tuned",
        "seeds": [
            10,
            11,
            12,
            13,
            14
        ],
        "count": 5
    },
    "metrics": {
        "train": {
            "rmse": 1.8278253948048178,
            "score": -1.8278253948048178
        },
        "val": {
            "rmse": 3.200410850083982,
            "score": -3.200410850083982
        },
        "test": {
            "rmse": 2.9396574954521446,
            "score": -2.9396574954521446
        }
    }
}
