{
    "dataset": "data/tabular_split_5",
    "algorithm": "tabnet",
    "config": {
        "source": "output_pasterquality/tabular_split_5/tabnet/tuned",
        "seeds": [
            10,
            11,
            12,
            13,
            14
        ],
        "count": 5
    },
    "metrics": {
        "train": {
            "rmse": 9.820547515360508,
            "score": -9.820547515360508
        },
        "val": {
            "rmse": 2.736687227040219,
            "score": -2.736687227040219
        },
        "test": {
            "rmse": 19.517335002481502,
            "score": -19.517335002481502
        }
    }
}
