{
    "dataset": "tabular_split_1",
    "algorithm": "grownet",
    "config": {
        "source": "output_pasterquality/tabular_split_1/grownet/tuned",
        "seeds": [
            5,
            6,
            7,
            8,
            9
        ],
        "count": 5
    },
    "metrics": {
        "train": {
            "rmse": 1.8194567760986928,
            "score": -1.8194567760986928
        },
        "val": {
            "rmse": 2.830518418888842,
            "score": -2.830518418888842
        },
        "test": {
            "rmse": 3.417223818717845,
            "score": -3.417223818717845
        }
    }
}
