{
    "dataset": "tabular_split_3",
    "algorithm": "xgboost_",
    "config": {
        "source": "output_pasterquality/tabular_split_3/xgboost_/tuned",
        "seeds": [
            5,
            6,
            7,
            8,
            9
        ],
        "count": 5
    },
    "metrics": {
        "train": {
            "rmse": 1.2817579578375051,
            "score": -1.2817579578375051
        },
        "val": {
            "rmse": 2.641719157846804,
            "score": -2.641719157846804
        },
        "test": {
            "rmse": 2.8248526148116992,
            "score": -2.8248526148116992
        }
    }
}
