{
    "dataset": "tabular_split_3",
    "algorithm": "mlp",
    "config": {
        "source": "output_pasterquality/tabular_split_3/mlp/tuned",
        "seeds": [
            5,
            6,
            7,
            8,
            9
        ],
        "count": 5
    },
    "metrics": {
        "train": {
            "rmse": 1.4763957213726013,
            "score": -1.4763957213726013
        },
        "val": {
            "rmse": 2.436798420082005,
            "score": -2.436798420082005
        },
        "test": {
            "rmse": 2.284266998830542,
            "score": -2.284266998830542
        }
    }
}
