{
    "dataset": "tabular_split_0",
    "algorithm": "catboost_",
    "config": {
        "source": "output_pasterquality/tabular_split_0/catboost_/tuned",
        "seeds": [
            5,
            6,
            7,
            8,
            9
        ],
        "count": 5
    },
    "metrics": {
        "train": {
            "rmse": 1.9851534511818252,
            "score": -1.9851534511818252
        },
        "val": {
            "rmse": 2.4939980957808503,
            "score": -2.4939980957808503
        },
        "test": {
            "rmse": 2.5953760949882927,
            "score": -2.5953760949882927
        }
    }
}
