{
    "dataset": "tabular_split_5",
    "algorithm": "mlp",
    "config": {
        "source": "output_pasterquality/tabular_split_5/mlp/tuned",
        "seeds": [
            10,
            11,
            12,
            13,
            14
        ],
        "count": 5
    },
    "metrics": {
        "train": {
            "rmse": 1.4292669706608696,
            "score": -1.4292669706608696
        },
        "val": {
            "rmse": 3.024416031101346,
            "score": -3.024416031101346
        },
        "test": {
            "rmse": 2.702974491153846,
            "score": -2.702974491153846
        }
    }
}
