{
    "dataset": "new_recorder_whole_merged_batches",
    "algorithm": "ft_transformer",
    "config": {
        "source": "output_pasterquality/new_recorder_whole_merged_batches/ft_transformer/tuned",
        "seeds": [
            0,
            1,
            2,
            3,
            4
        ],
        "count": 5
    },
    "metrics": {
        "train": {
            "rmse": 2.1515762671789527,
            "score": -2.1515762671789527
        },
        "val": {
            "rmse": 2.568431024596697,
            "score": -2.568431024596697
        },
        "test": {
            "rmse": 2.5960183249035227,
            "score": -2.5960183249035227
        }
    }
}
