{
    "dataset": "tabular_split_6",
    "algorithm": "grownet",
    "config": {
        "source": "output_pasterquality/tabular_split_6/grownet/tuned",
        "seeds": [
            5,
            6,
            7,
            8,
            9
        ],
        "count": 5
    },
    "metrics": {
        "train": {
            "rmse": 1.7651100531167603,
            "score": -1.7651100531167603
        },
        "val": {
            "rmse": 3.4193671162011126,
            "score": -3.4193671162011126
        },
        "test": {
            "rmse": 2.380887733580907,
            "score": -2.380887733580907
        }
    }
}
