{
    "dataset": "tabular_split_3",
    "algorithm": "lightgbm_",
    "config": {
        "source": "output_pasterquality/tabular_split_3/lightgbm_/tuned",
        "seeds": [
            0,
            1,
            2,
            3,
            4
        ],
        "count": 5
    },
    "metrics": {
        "train": {
            "rmse": 3.4356421880292785,
            "score": -3.4356421880292785
        },
        "val": {
            "rmse": 2.5790986498153607,
            "score": -2.5790986498153607
        },
        "test": {
            "rmse": 2.9142765239784114,
            "score": -2.9142765239784114
        }
    }
}
