{
    "dataset": "tabular_split_0",
    "algorithm": "mlp",
    "config": {
        "source": "output_pasterquality/tabular_split_0/mlp/tuned",
        "seeds": [
            0,
            1,
            2,
            3,
            4
        ],
        "count": 5
    },
    "metrics": {
        "train": {
            "rmse": 1.810060283799262,
            "score": -1.810060283799262
        },
        "val": {
            "rmse": 2.4311241869238067,
            "score": -2.4311241869238067
        },
        "test": {
            "rmse": 2.3923916408374963,
            "score": -2.3923916408374963
        }
    }
}
