{
    "dataset": "tabular_split_0",
    "algorithm": "lightgbm_",
    "config": {
        "source": "output_pasterquality/tabular_split_0/lightgbm_/tuned",
        "seeds": [
            5,
            6,
            7,
            8,
            9
        ],
        "count": 5
    },
    "metrics": {
        "train": {
            "rmse": 1.4687849324794722,
            "score": -1.4687849324794722
        },
        "val": {
            "rmse": 2.441752409753142,
            "score": -2.441752409753142
        },
        "test": {
            "rmse": 3.0310038705986657,
            "score": -3.0310038705986657
        }
    }
}
