{
    "dataset": "tabular_split_1",
    "algorithm": "dcn2",
    "config": {
        "source": "output_pasterquality/tabular_split_1/dcn2/tuned",
        "seeds": [
            0,
            1,
            2,
            3,
            4
        ],
        "count": 5
    },
    "metrics": {
        "train": {
            "rmse": 2.4767191360620413,
            "score": -2.4767191360620413
        },
        "val": {
            "rmse": 2.190974706403224,
            "score": -2.190974706403224
        },
        "test": {
            "rmse": 3.380528311865182,
            "score": -3.380528311865182
        }
    }
}
