{
    "dataset": "tabular_split_6",
    "algorithm": "lightgbm_",
    "config": {
        "source": "output_pasterquality/tabular_split_6/lightgbm_/tuned",
        "seeds": [
            10,
            11,
            12,
            13,
            14
        ],
        "count": 5
    },
    "metrics": {
        "train": {
            "rmse": 0.16130407672729824,
            "score": -0.16130407672729824
        },
        "val": {
            "rmse": 4.728610953101957,
            "score": -4.728610953101957
        },
        "test": {
            "rmse": 2.805192234131988,
            "score": -2.805192234131988
        }
    }
}
