{
    "dataset": "tabular_split_2",
    "algorithm": "resnet",
    "config": {
        "source": "output_pasterquality/tabular_split_2/resnet/tuned",
        "seeds": [
            5,
            6,
            7,
            8,
            9
        ],
        "count": 5
    },
    "metrics": {
        "train": {
            "rmse": 2.3705014038717547,
            "score": -2.3705014038717547
        },
        "val": {
            "rmse": 2.3348417887878226,
            "score": -2.3348417887878226
        },
        "test": {
            "rmse": 3.858987124231201,
            "score": -3.858987124231201
        }
    }
}
