{
    "dataset": "tabular_split_3",
    "algorithm": "xgboost_",
    "config": {
        "source": "output_pasterquality/tabular_split_3/xgboost_/tuned",
        "seeds": [
            0,
            1,
            2,
            3,
            4
        ],
        "count": 5
    },
    "metrics": {
        "train": {
            "rmse": 1.3225802181662412,
            "score": -1.3225802181662412
        },
        "val": {
            "rmse": 2.6892127650921345,
            "score": -2.6892127650921345
        },
        "test": {
            "rmse": 2.9454127714409752,
            "score": -2.9454127714409752
        }
    }
}
