{
    "dataset": "tabular_split_1",
    "algorithm": "mlp",
    "config": {
        "source": "output_pasterquality/tabular_split_1/mlp/tuned",
        "seeds": [
            0,
            1,
            2,
            3,
            4
        ],
        "count": 5
    },
    "metrics": {
        "train": {
            "rmse": 1.5235762801043022,
            "score": -1.5235762801043022
        },
        "val": {
            "rmse": 2.341856962157839,
            "score": -2.341856962157839
        },
        "test": {
            "rmse": 2.968279210594863,
            "score": -2.968279210594863
        }
    }
}
