{
    "dataset": "tabular_split_6",
    "algorithm": "xgboost_",
    "config": {
        "source": "output_pasterquality/tabular_split_6/xgboost_/tuned",
        "seeds": [
            5,
            6,
            7,
            8,
            9
        ],
        "count": 5
    },
    "metrics": {
        "train": {
            "rmse": 0.6735023469171574,
            "score": -0.6735023469171574
        },
        "val": {
            "rmse": 4.819219231189477,
            "score": -4.819219231189477
        },
        "test": {
            "rmse": 1.9277124918970805,
            "score": -1.9277124918970805
        }
    }
}
