{
    "dataset": "tabular_split_5",
    "algorithm": "grownet",
    "config": {
        "source": "output_pasterquality/tabular_split_5/grownet/tuned",
        "seeds": [
            10,
            11,
            12,
            13,
            14
        ],
        "count": 5
    },
    "metrics": {
        "train": {
            "rmse": 1.3573141693501154,
            "score": -1.3573141693501154
        },
        "val": {
            "rmse": 3.082913517919038,
            "score": -3.082913517919038
        },
        "test": {
            "rmse": 3.3827807279400766,
            "score": -3.3827807279400766
        }
    }
}
