{
    "dataset": "tabular_split_3",
    "algorithm": "grownet",
    "config": {
        "source": "output_pasterquality/tabular_split_3/grownet/tuned",
        "seeds": [
            10,
            11,
            12,
            13,
            14
        ],
        "count": 5
    },
    "metrics": {
        "train": {
            "rmse": 1.60340359885365,
            "score": -1.60340359885365
        },
        "val": {
            "rmse": 2.5003043467005823,
            "score": -2.5003043467005823
        },
        "test": {
            "rmse": 2.399551452495258,
            "score": -2.399551452495258
        }
    }
}
