{
    "dataset": "tabular_split_4",
    "algorithm": "grownet",
    "config": {
        "source": "output_pasterquality/tabular_split_4/grownet/tuned",
        "seeds": [
            5,
            6,
            7,
            8,
            9
        ],
        "count": 5
    },
    "metrics": {
        "train": {
            "rmse": 1.475374340027007,
            "score": -1.475374340027007
        },
        "val": {
            "rmse": 3.0989592327903583,
            "score": -3.0989592327903583
        },
        "test": {
            "rmse": 2.9431282401024377,
            "score": -2.9431282401024377
        }
    }
}
