{
    "dataset": "new_recorder_whole_merged_batches",
    "algorithm": "xgboost_",
    "config": {
        "source": "output_pasterquality/new_recorder_whole_merged_batches/xgboost_/tuned",
        "seeds": [
            5,
            6,
            7,
            8,
            9
        ],
        "count": 5
    },
    "metrics": {
        "train": {
            "rmse": 1.1884125948556703,
            "score": -1.1884125948556703
        },
        "val": {
            "rmse": 3.6428737776757067,
            "score": -3.6428737776757067
        },
        "test": {
            "rmse": 3.6546506644757977,
            "score": -3.6546506644757977
        }
    }
}
