{
    "dataset": "tabular_split_3",
    "algorithm": "dcn2",
    "config": {
        "source": "output_pasterquality/tabular_split_3/dcn2/tuned",
        "seeds": [
            10,
            11,
            12,
            13,
            14
        ],
        "count": 5
    },
    "metrics": {
        "train": {
            "rmse": 1.8839989096038512,
            "score": -1.8839989096038512
        },
        "val": {
            "rmse": 2.715798065565996,
            "score": -2.715798065565996
        },
        "test": {
            "rmse": 2.522112677086704,
            "score": -2.522112677086704
        }
    }
}
