{
    "dataset": "tabular_split_2",
    "algorithm": "snn",
    "config": {
        "source": "output_pasterquality/tabular_split_2/snn/tuned",
        "seeds": [
            0,
            1,
            2,
            3,
            4
        ],
        "count": 5
    },
    "metrics": {
        "train": {
            "rmse": 1.9021106273858799,
            "score": -1.9021106273858799
        },
        "val": {
            "rmse": 2.652075028552153,
            "score": -2.652075028552153
        },
        "test": {
            "rmse": 3.7917207496136416,
            "score": -3.7917207496136416
        }
    }
}
