{
    "dataset": "tabular_split_5",
    "algorithm": "catboost_",
    "config": {
        "source": "output_pasterquality/tabular_split_5/catboost_/tuned",
        "seeds": [
            10,
            11,
            12,
            13,
            14
        ],
        "count": 5
    },
    "metrics": {
        "train": {
            "rmse": 2.1294193041363156,
            "score": -2.1294193041363156
        },
        "val": {
            "rmse": 3.2644703044674945,
            "score": -3.2644703044674945
        },
        "test": {
            "rmse": 3.4460355643250518,
            "score": -3.4460355643250518
        }
    }
}
