{
    "dataset": "new_recorder_whole_merged_batches",
    "algorithm": "snn",
    "config": {
        "source": "output_pasterquality/new_recorder_whole_merged_batches/snn/tuned",
        "seeds": [
            0,
            1,
            2,
            3,
            4
        ],
        "count": 5
    },
    "metrics": {
        "train": {
            "rmse": 2.841241736306756,
            "score": -2.841241736306756
        },
        "val": {
            "rmse": 2.5041036470821716,
            "score": -2.5041036470821716
        },
        "test": {
            "rmse": 3.1840583764544297,
            "score": -3.1840583764544297
        }
    }
}
