{
    "dataset": "tabular_split_2",
    "algorithm": "mlp",
    "config": {
        "source": "output_pasterquality/tabular_split_2/mlp/tuned",
        "seeds": [
            0,
            1,
            2,
            3,
            4
        ],
        "count": 5
    },
    "metrics": {
        "train": {
            "rmse": 1.429437440994377,
            "score": -1.429437440994377
        },
        "val": {
            "rmse": 2.4259128603671907,
            "score": -2.4259128603671907
        },
        "test": {
            "rmse": 3.675750828370089,
            "score": -3.675750828370089
        }
    }
}
