{
    "dataset": "new_recorder_whole_merged_batches",
    "algorithm": "grownet",
    "config": {
        "source": "output_pasterquality/new_recorder_whole_merged_batches/grownet/tuned",
        "seeds": [
            0,
            1,
            2,
            3,
            4
        ],
        "count": 5
    },
    "metrics": {
        "train": {
            "rmse": 1.6919507399996512,
            "score": -1.6919507399996512
        },
        "val": {
            "rmse": 2.862312636353665,
            "score": -2.862312636353665
        },
        "test": {
            "rmse": 3.0111303291824028,
            "score": -3.0111303291824028
        }
    }
}
