{
    "dataset": "tabular_split_5",
    "algorithm": "mlp",
    "config": {
        "source": "output_pasterquality/tabular_split_5/mlp/tuned",
        "seeds": [
            0,
            1,
            2,
            3,
            4
        ],
        "count": 5
    },
    "metrics": {
        "train": {
            "rmse": 1.4328653964399873,
            "score": -1.4328653964399873
        },
        "val": {
            "rmse": 3.09716870511157,
            "score": -3.09716870511157
        },
        "test": {
            "rmse": 2.7579166907092136,
            "score": -2.7579166907092136
        }
    }
}
