{
    "dataset": "tabular_split_0",
    "algorithm": "grownet",
    "config": {
        "source": "output_pasterquality/tabular_split_0/grownet/tuned",
        "seeds": [
            10,
            11,
            12,
            13,
            14
        ],
        "count": 5
    },
    "metrics": {
        "train": {
            "rmse": 2.1465087783304244,
            "score": -2.1465087783304244
        },
        "val": {
            "rmse": 2.866897248081037,
            "score": -2.866897248081037
        },
        "test": {
            "rmse": 3.4188011885806917,
            "score": -3.4188011885806917
        }
    }
}
