{
    "dataset": "new_recorder_whole_merged_batches",
    "algorithm": "lightgbm_",
    "config": {
        "source": "output_pasterquality/new_recorder_whole_merged_batches/lightgbm_/tuned",
        "seeds": [
            10,
            11,
            12,
            13,
            14
        ],
        "count": 5
    },
    "metrics": {
        "train": {
            "rmse": 1.115485027745685,
            "score": -1.115485027745685
        },
        "val": {
            "rmse": 3.404455370036885,
            "score": -3.404455370036885
        },
        "test": {
            "rmse": 3.6953967516029,
            "score": -3.6953967516029
        }
    }
}
