{
    "dataset": "tabular_split_6",
    "algorithm": "lightgbm_",
    "config": {
        "source": "output_pasterquality/tabular_split_6/lightgbm_/tuned",
        "seeds": [
            5,
            6,
            7,
            8,
            9
        ],
        "count": 5
    },
    "metrics": {
        "train": {
            "rmse": 0.1801577598390741,
            "score": -0.1801577598390741
        },
        "val": {
            "rmse": 4.792034322516958,
            "score": -4.792034322516958
        },
        "test": {
            "rmse": 2.7098225460983083,
            "score": -2.7098225460983083
        }
    }
}
