{
    "dataset": "tabular_split_6",
    "algorithm": "grownet",
    "config": {
        "source": "output_pasterquality/tabular_split_6/grownet/tuned",
        "seeds": [
            10,
            11,
            12,
            13,
            14
        ],
        "count": 5
    },
    "metrics": {
        "train": {
            "rmse": 1.738328166854943,
            "score": -1.738328166854943
        },
        "val": {
            "rmse": 3.46984677406043,
            "score": -3.46984677406043
        },
        "test": {
            "rmse": 2.594697739109768,
            "score": -2.594697739109768
        }
    }
}
