{
    "dataset": "tabular_split_3",
    "algorithm": "dcn2",
    "config": {
        "source": "output_pasterquality/tabular_split_3/dcn2/tuned",
        "seeds": [
            5,
            6,
            7,
            8,
            9
        ],
        "count": 5
    },
    "metrics": {
        "train": {
            "rmse": 1.7840134765493831,
            "score": -1.7840134765493831
        },
        "val": {
            "rmse": 2.7185536850001744,
            "score": -2.7185536850001744
        },
        "test": {
            "rmse": 2.2939162831514675,
            "score": -2.2939162831514675
        }
    }
}
