{
    "dataset": "tabular_split_5",
    "algorithm": "resnet",
    "config": {
        "source": "output_pasterquality/tabular_split_5/resnet/tuned",
        "seeds": [
            5,
            6,
            7,
            8,
            9
        ],
        "count": 5
    },
    "metrics": {
        "train": {
            "rmse": 2.08395033191619,
            "score": -2.08395033191619
        },
        "val": {
            "rmse": 2.9525668034386268,
            "score": -2.9525668034386268
        },
        "test": {
            "rmse": 3.013701206230863,
            "score": -3.013701206230863
        }
    }
}
