{
    "dataset": "new_recorder_whole_merged_batches",
    "algorithm": "mlp",
    "config": {
        "source": "output_pasterquality/new_recorder_whole_merged_batches/mlp/tuned",
        "seeds": [
            10,
            11,
            12,
            13,
            14
        ],
        "count": 5
    },
    "metrics": {
        "train": {
            "rmse": 1.910694526197785,
            "score": -1.910694526197785
        },
        "val": {
            "rmse": 2.752765915864892,
            "score": -2.752765915864892
        },
        "test": {
            "rmse": 2.9664514779448217,
            "score": -2.9664514779448217
        }
    }
}
