{
    "dataset": "tabular_split_6",
    "algorithm": "catboost_",
    "config": {
        "source": "output_pasterquality/tabular_split_6/catboost_/tuned",
        "seeds": [
            5,
            6,
            7,
            8,
            9
        ],
        "count": 5
    },
    "metrics": {
        "train": {
            "rmse": 2.196310567020371,
            "score": -2.196310567020371
        },
        "val": {
            "rmse": 4.963223659669529,
            "score": -4.963223659669529
        },
        "test": {
            "rmse": 2.7892341380182524,
            "score": -2.7892341380182524
        }
    }
}
