{
    "dataset": "tabular_split_1",
    "algorithm": "lightgbm_",
    "config": {
        "source": "output_pasterquality/tabular_split_1/lightgbm_/tuned",
        "seeds": [
            10,
            11,
            12,
            13,
            14
        ],
        "count": 5
    },
    "metrics": {
        "train": {
            "rmse": 3.966428925021758,
            "score": -3.966428925021758
        },
        "val": {
            "rmse": 2.520552262731737,
            "score": -2.520552262731737
        },
        "test": {
            "rmse": 3.7965856374080373,
            "score": -3.7965856374080373
        }
    }
}
