{
    "dataset": "tabular_split_0",
    "algorithm": "catboost_",
    "config": {
        "source": "output_pasterquality/tabular_split_0/catboost_/tuned",
        "seeds": [
            10,
            11,
            12,
            13,
            14
        ],
        "count": 5
    },
    "metrics": {
        "train": {
            "rmse": 2.025184492434662,
            "score": -2.025184492434662
        },
        "val": {
            "rmse": 2.323235548960181,
            "score": -2.323235548960181
        },
        "test": {
            "rmse": 2.5997338338357086,
            "score": -2.5997338338357086
        }
    }
}
