{
    "dataset": "tabular_split_6",
    "algorithm": "xgboost_",
    "config": {
        "source": "output_pasterquality/tabular_split_6/xgboost_/tuned",
        "seeds": [
            10,
            11,
            12,
            13,
            14
        ],
        "count": 5
    },
    "metrics": {
        "train": {
            "rmse": 0.8886359988465702,
            "score": -0.8886359988465702
        },
        "val": {
            "rmse": 4.767248123307602,
            "score": -4.767248123307602
        },
        "test": {
            "rmse": 1.9595574302873018,
            "score": -1.9595574302873018
        }
    }
}
