{
    "dataset": "tabular_split_4",
    "algorithm": "mlp",
    "config": {
        "source": "output_pasterquality/tabular_split_4/mlp/tuned",
        "seeds": [
            0,
            1,
            2,
            3,
            4
        ],
        "count": 5
    },
    "metrics": {
        "train": {
            "rmse": 1.7272193612758902,
            "score": -1.7272193612758902
        },
        "val": {
            "rmse": 2.8292291632508273,
            "score": -2.8292291632508273
        },
        "test": {
            "rmse": 2.6274567785514806,
            "score": -2.6274567785514806
        }
    }
}
