{
    "dataset": "tabular_split_2",
    "algorithm": "ft_transformer",
    "config": {
        "source": "output_pasterquality/tabular_split_2/ft_transformer/tuned",
        "seeds": [
            5,
            6,
            7,
            8,
            9
        ],
        "count": 5
    },
    "metrics": {
        "train": {
            "rmse": 1.8441267634852532,
            "score": -1.8441267634852532
        },
        "val": {
            "rmse": 2.2177826831780116,
            "score": -2.2177826831780116
        },
        "test": {
            "rmse": 4.330203567876483,
            "score": -4.330203567876483
        }
    }
}
