{
    "dataset": "tabular_split_0",
    "algorithm": "mlp",
    "config": {
        "source": "output_pasterquality/tabular_split_0/mlp/tuned",
        "seeds": [
            5,
            6,
            7,
            8,
            9
        ],
        "count": 5
    },
    "metrics": {
        "train": {
            "rmse": 1.7840297857401628,
            "score": -1.7840297857401628
        },
        "val": {
            "rmse": 2.4564462237612994,
            "score": -2.4564462237612994
        },
        "test": {
            "rmse": 2.481516329780017,
            "score": -2.481516329780017
        }
    }
}
