{
    "dataset": "tabular_split_6",
    "algorithm": "snn",
    "config": {
        "source": "output_pasterquality/tabular_split_6/snn/tuned",
        "seeds": [
            0,
            1,
            2,
            3,
            4
        ],
        "count": 5
    },
    "metrics": {
        "train": {
            "rmse": 1.7982325796706469,
            "score": -1.7982325796706469
        },
        "val": {
            "rmse": 2.868419336559361,
            "score": -2.868419336559361
        },
        "test": {
            "rmse": 2.4613200306316303,
            "score": -2.4613200306316303
        }
    }
}
