{
    "dataset": "tabular_split_2",
    "algorithm": "grownet",
    "config": {
        "source": "output_pasterquality/tabular_split_2/grownet/tuned",
        "seeds": [
            5,
            6,
            7,
            8,
            9
        ],
        "count": 5
    },
    "metrics": {
        "train": {
            "rmse": 1.7984893206992238,
            "score": -1.7984893206992238
        },
        "val": {
            "rmse": 2.73967285798999,
            "score": -2.73967285798999
        },
        "test": {
            "rmse": 4.276772593129411,
            "score": -4.276772593129411
        }
    }
}
