{
    "dataset": "new_recorder_whole_merged_batches",
    "algorithm": "autoint",
    "config": {
        "source": "output_pasterquality/new_recorder_whole_merged_batches/autoint/tuned",
        "seeds": [
            5,
            6,
            7,
            8,
            9
        ],
        "count": 5
    },
    "metrics": {
        "train": {
            "rmse": 2.1001793182834883,
            "score": -2.1001793182834883
        },
        "val": {
            "rmse": 2.6156713187754006,
            "score": -2.6156713187754006
        },
        "test": {
            "rmse": 3.0988915435228654,
            "score": -3.0988915435228654
        }
    }
}
