{
    "dataset": "tabular_split_0",
    "algorithm": "snn",
    "config": {
        "source": "output_pasterquality/tabular_split_0/snn/tuned",
        "seeds": [
            5,
            6,
            7,
            8,
            9
        ],
        "count": 5
    },
    "metrics": {
        "train": {
            "rmse": 2.0500181290567694,
            "score": -2.0500181290567694
        },
        "val": {
            "rmse": 2.1142229277377815,
            "score": -2.1142229277377815
        },
        "test": {
            "rmse": 2.870892221918978,
            "score": -2.870892221918978
        }
    }
}
