{
    "dataset": "new_recorder_whole_merged_batches",
    "algorithm": "lightgbm_",
    "config": {
        "source": "output_pasterquality/new_recorder_whole_merged_batches/lightgbm_/tuned",
        "seeds": [
            0,
            1,
            2,
            3,
            4
        ],
        "count": 5
    },
    "metrics": {
        "train": {
            "rmse": 0.9930527076263042,
            "score": -0.9930527076263042
        },
        "val": {
            "rmse": 3.288166851239117,
            "score": -3.288166851239117
        },
        "test": {
            "rmse": 3.5982395570951997,
            "score": -3.5982395570951997
        }
    }
}
