{
    "dataset": "tabular_split_3",
    "algorithm": "lightgbm_",
    "config": {
        "source": "output_pasterquality/tabular_split_3/lightgbm_/tuned",
        "seeds": [
            5,
            6,
            7,
            8,
            9
        ],
        "count": 5
    },
    "metrics": {
        "train": {
            "rmse": 3.9231504185805663,
            "score": -3.9231504185805663
        },
        "val": {
            "rmse": 2.4967324307537853,
            "score": -2.4967324307537853
        },
        "test": {
            "rmse": 3.143717011714459,
            "score": -3.143717011714459
        }
    }
}
