{
    "dataset": "new_recorder_whole_merged_batches",
    "algorithm": "ft_transformer",
    "config": {
        "source": "output_pasterquality/new_recorder_whole_merged_batches/ft_transformer/tuned",
        "seeds": [
            10,
            11,
            12,
            13,
            14
        ],
        "count": 5
    },
    "metrics": {
        "train": {
            "rmse": 2.2412774015168813,
            "score": -2.2412774015168813
        },
        "val": {
            "rmse": 2.5636646251463864,
            "score": -2.5636646251463864
        },
        "test": {
            "rmse": 2.9084484989752277,
            "score": -2.9084484989752277
        }
    }
}
