{
    "dataset": "tabular_split_1",
    "algorithm": "ft_transformer",
    "config": {
        "source": "output_pasterquality/tabular_split_1/ft_transformer/tuned",
        "seeds": [
            10,
            11,
            12,
            13,
            14
        ],
        "count": 5
    },
    "metrics": {
        "train": {
            "rmse": 2.4462513821725116,
            "score": -2.4462513821725116
        },
        "val": {
            "rmse": 1.976722577840651,
            "score": -1.976722577840651
        },
        "test": {
            "rmse": 3.1245878879588256,
            "score": -3.1245878879588256
        }
    }
}
