{
    "dataset": "tabular_split_3",
    "algorithm": "resnet",
    "config": {
        "source": "output_pasterquality/tabular_split_3/resnet/tuned",
        "seeds": [
            10,
            11,
            12,
            13,
            14
        ],
        "count": 5
    },
    "metrics": {
        "train": {
            "rmse": 2.213857473730248,
            "score": -2.213857473730248
        },
        "val": {
            "rmse": 2.5786799814024692,
            "score": -2.5786799814024692
        },
        "test": {
            "rmse": 2.367619259407056,
            "score": -2.367619259407056
        }
    }
}
