{
    "dataset": "tabular_split_1",
    "algorithm": "catboost_",
    "config": {
        "source": "output_pasterquality/tabular_split_1/catboost_/tuned",
        "seeds": [
            10,
            11,
            12,
            13,
            14
        ],
        "count": 5
    },
    "metrics": {
        "train": {
            "rmse": 1.8734885244500321,
            "score": -1.8734885244500321
        },
        "val": {
            "rmse": 2.163566030640695,
            "score": -2.163566030640695
        },
        "test": {
            "rmse": 3.520304047150363,
            "score": -3.520304047150363
        }
    }
}
