{
    "dataset": "tabular_split_4",
    "algorithm": "lightgbm_",
    "config": {
        "source": "output_pasterquality/tabular_split_4/lightgbm_/tuned",
        "seeds": [
            5,
            6,
            7,
            8,
            9
        ],
        "count": 5
    },
    "metrics": {
        "train": {
            "rmse": 3.170777883635333,
            "score": -3.170777883635333
        },
        "val": {
            "rmse": 3.337913011294672,
            "score": -3.337913011294672
        },
        "test": {
            "rmse": 3.7256424666328183,
            "score": -3.7256424666328183
        }
    }
}
