{
    "dataset": "tabular_split_0",
    "algorithm": "ft_transformer",
    "config": {
        "source": "output_pasterquality/tabular_split_0/ft_transformer/tuned",
        "seeds": [
            5,
            6,
            7,
            8,
            9
        ],
        "count": 5
    },
    "metrics": {
        "train": {
            "rmse": 2.724700321490566,
            "score": -2.724700321490566
        },
        "val": {
            "rmse": 2.2680924818690054,
            "score": -2.2680924818690054
        },
        "test": {
            "rmse": 2.5951295245085606,
            "score": -2.5951295245085606
        }
    }
}
