{
    "dataset": "tabular_split_1",
    "algorithm": "dcn2",
    "config": {
        "source": "output_pasterquality/tabular_split_1/dcn2/tuned",
        "seeds": [
            5,
            6,
            7,
            8,
            9
        ],
        "count": 5
    },
    "metrics": {
        "train": {
            "rmse": 2.7241649663403056,
            "score": -2.7241649663403056
        },
        "val": {
            "rmse": 2.289416195541475,
            "score": -2.289416195541475
        },
        "test": {
            "rmse": 3.7124702484081418,
            "score": -3.7124702484081418
        }
    }
}
