{
    "dataset": "tabular_split_5",
    "algorithm": "catboost_",
    "config": {
        "source": "output_pasterquality/tabular_split_5/catboost_/tuned",
        "seeds": [
            5,
            6,
            7,
            8,
            9
        ],
        "count": 5
    },
    "metrics": {
        "train": {
            "rmse": 1.909754119051646,
            "score": -1.909754119051646
        },
        "val": {
            "rmse": 3.2075550550104914,
            "score": -3.2075550550104914
        },
        "test": {
            "rmse": 3.1787042529674143,
            "score": -3.1787042529674143
        }
    }
}
