{
    "dataset": "tabular_split_1",
    "algorithm": "snn",
    "config": {
        "source": "output_pasterquality/tabular_split_1/snn/tuned",
        "seeds": [
            0,
            1,
            2,
            3,
            4
        ],
        "count": 5
    },
    "metrics": {
        "train": {
            "rmse": 2.1645367829738498,
            "score": -2.1645367829738498
        },
        "val": {
            "rmse": 2.1040471975847175,
            "score": -2.1040471975847175
        },
        "test": {
            "rmse": 4.22032893542154,
            "score": -4.22032893542154
        }
    }
}
