{
    "dataset": "tabular_split_2",
    "algorithm": "catboost_",
    "config": {
        "source": "output_pasterquality/tabular_split_2/catboost_/tuned",
        "seeds": [
            10,
            11,
            12,
            13,
            14
        ],
        "count": 5
    },
    "metrics": {
        "train": {
            "rmse": 1.6186353250610561,
            "score": -1.6186353250610561
        },
        "val": {
            "rmse": 3.59001676258445,
            "score": -3.59001676258445
        },
        "test": {
            "rmse": 4.397731125962321,
            "score": -4.397731125962321
        }
    }
}
