{
    "dataset": "tabular_split_4",
    "algorithm": "lightgbm_",
    "config": {
        "source": "output_pasterquality/tabular_split_4/lightgbm_/tuned",
        "seeds": [
            0,
            1,
            2,
            3,
            4
        ],
        "count": 5
    },
    "metrics": {
        "train": {
            "rmse": 2.6671314412160516,
            "score": -2.6671314412160516
        },
        "val": {
            "rmse": 3.2068847966354004,
            "score": -3.2068847966354004
        },
        "test": {
            "rmse": 3.4107532760686463,
            "score": -3.4107532760686463
        }
    }
}
