{
    "dataset": "tabular_split_5",
    "algorithm": "lightgbm_",
    "config": {
        "source": "output_pasterquality/tabular_split_5/lightgbm_/tuned",
        "seeds": [
            5,
            6,
            7,
            8,
            9
        ],
        "count": 5
    },
    "metrics": {
        "train": {
            "rmse": 1.3835801921450037,
            "score": -1.3835801921450037
        },
        "val": {
            "rmse": 2.6310552608529125,
            "score": -2.6310552608529125
        },
        "test": {
            "rmse": 4.009824704992262,
            "score": -4.009824704992262
        }
    }
}
