{
    "dataset": "new_recorder_whole_merged_batches",
    "algorithm": "autoint",
    "config": {
        "source": "output_pasterquality/new_recorder_whole_merged_batches/autoint/tuned",
        "seeds": [
            10,
            11,
            12,
            13,
            14
        ],
        "count": 5
    },
    "metrics": {
        "train": {
            "rmse": 2.256407984056784,
            "score": -2.256407984056784
        },
        "val": {
            "rmse": 2.710340695220955,
            "score": -2.710340695220955
        },
        "test": {
            "rmse": 2.9408077174072123,
            "score": -2.9408077174072123
        }
    }
}
