{
    "dataset": "tabular_split_2",
    "algorithm": "lightgbm_",
    "config": {
        "source": "output_pasterquality/tabular_split_2/lightgbm_/tuned",
        "seeds": [
            5,
            6,
            7,
            8,
            9
        ],
        "count": 5
    },
    "metrics": {
        "train": {
            "rmse": 0.05014612041022202,
            "score": -0.05014612041022202
        },
        "val": {
            "rmse": 3.575636502146467,
            "score": -3.575636502146467
        },
        "test": {
            "rmse": 4.191659324884676,
            "score": -4.191659324884676
        }
    }
}
