{
    "dataset": "tabular_split_4",
    "algorithm": "grownet",
    "config": {
        "source": "output_pasterquality/tabular_split_4/grownet/tuned",
        "seeds": [
            10,
            11,
            12,
            13,
            14
        ],
        "count": 5
    },
    "metrics": {
        "train": {
            "rmse": 1.6210802000905045,
            "score": -1.6210802000905045
        },
        "val": {
            "rmse": 3.0825300282390278,
            "score": -3.0825300282390278
        },
        "test": {
            "rmse": 2.7122477365873263,
            "score": -2.7122477365873263
        }
    }
}
