{
    "dataset": "data/new_recorder_whole_merged_batches",
    "algorithm": "tabnet",
    "config": {
        "source": "output_pasterquality/new_recorder_whole_merged_batches/tabnet/tuned",
        "seeds": [
            5,
            6,
            7,
            8,
            9
        ],
        "count": 5
    },
    "metrics": {
        "train": {
            "rmse": 3.6151266223945484,
            "score": -3.6151266223945484
        },
        "val": {
            "rmse": 2.905992200755039,
            "score": -2.905992200755039
        },
        "test": {
            "rmse": 4.043050731367026,
            "score": -4.043050731367026
        }
    }
}
