{
    "dataset": "tabular_split_3",
    "algorithm": "snn",
    "config": {
        "source": "output_pasterquality/tabular_split_3/snn/tuned",
        "seeds": [
            5,
            6,
            7,
            8,
            9
        ],
        "count": 5
    },
    "metrics": {
        "train": {
            "rmse": 2.1216396376368403,
            "score": -2.1216396376368403
        },
        "val": {
            "rmse": 2.3499923006855195,
            "score": -2.3499923006855195
        },
        "test": {
            "rmse": 2.8368480805787084,
            "score": -2.8368480805787084
        }
    }
}
