{
    "dataset": "tabular_split_6",
    "algorithm": "mlp",
    "config": {
        "source": "output_pasterquality/tabular_split_6/mlp/tuned",
        "seeds": [
            10,
            11,
            12,
            13,
            14
        ],
        "count": 5
    },
    "metrics": {
        "train": {
            "rmse": 1.629070151571334,
            "score": -1.629070151571334
        },
        "val": {
            "rmse": 3.005062309225612,
            "score": -3.005062309225612
        },
        "test": {
            "rmse": 2.2478707842546126,
            "score": -2.2478707842546126
        }
    }
}
