{
    "dataset": "tabular_split_4",
    "algorithm": "mlp",
    "config": {
        "source": "output_pasterquality/tabular_split_4/mlp/tuned",
        "seeds": [
            5,
            6,
            7,
            8,
            9
        ],
        "count": 5
    },
    "metrics": {
        "train": {
            "rmse": 1.6642015560616588,
            "score": -1.6642015560616588
        },
        "val": {
            "rmse": 2.7760857999960606,
            "score": -2.7760857999960606
        },
        "test": {
            "rmse": 2.660378713999531,
            "score": -2.660378713999531
        }
    }
}
