{
    "dataset": "new_recorder_whole_merged_batches",
    "algorithm": "mlp",
    "config": {
        "source": "output_pasterquality/new_recorder_whole_merged_batches/mlp/tuned",
        "seeds": [
            5,
            6,
            7,
            8,
            9
        ],
        "count": 5
    },
    "metrics": {
        "train": {
            "rmse": 1.8658479402259396,
            "score": -1.8658479402259396
        },
        "val": {
            "rmse": 2.6633532019499255,
            "score": -2.6633532019499255
        },
        "test": {
            "rmse": 2.910726126301368,
            "score": -2.910726126301368
        }
    }
}
