{
    "dataset": "tabular_split_0",
    "algorithm": "xgboost_",
    "config": {
        "source": "output_pasterquality/tabular_split_0/xgboost_/tuned",
        "seeds": [
            10,
            11,
            12,
            13,
            14
        ],
        "count": 5
    },
    "metrics": {
        "train": {
            "rmse": 1.8110607848169216,
            "score": -1.8110607848169216
        },
        "val": {
            "rmse": 2.369022803881883,
            "score": -2.369022803881883
        },
        "test": {
            "rmse": 2.481338882970439,
            "score": -2.481338882970439
        }
    }
}
