{
    "dataset": "new_recorder_whole_merged_batches",
    "algorithm": "snn",
    "config": {
        "source": "output_pasterquality/new_recorder_whole_merged_batches/snn/tuned",
        "seeds": [
            10,
            11,
            12,
            13,
            14
        ],
        "count": 5
    },
    "metrics": {
        "train": {
            "rmse": 1.985281684911389,
            "score": -1.985281684911389
        },
        "val": {
            "rmse": 2.445764502116236,
            "score": -2.445764502116236
        },
        "test": {
            "rmse": 2.417747357523066,
            "score": -2.417747357523066
        }
    }
}
