{
    "dataset": "tabular_split_2",
    "algorithm": "catboost_",
    "config": {
        "source": "output_pasterquality/tabular_split_2/catboost_/tuned",
        "seeds": [
            5,
            6,
            7,
            8,
            9
        ],
        "count": 5
    },
    "metrics": {
        "train": {
            "rmse": 1.745420939629449,
            "score": -1.745420939629449
        },
        "val": {
            "rmse": 3.678012331941854,
            "score": -3.678012331941854
        },
        "test": {
            "rmse": 4.593923888506251,
            "score": -4.593923888506251
        }
    }
}
