{
    "dataset": "tabular_split_4",
    "algorithm": "dcn2",
    "config": {
        "source": "output_pasterquality/tabular_split_4/dcn2/tuned",
        "seeds": [
            10,
            11,
            12,
            13,
            14
        ],
        "count": 5
    },
    "metrics": {
        "train": {
            "rmse": 2.1400958957885856,
            "score": -2.1400958957885856
        },
        "val": {
            "rmse": 3.034998220110296,
            "score": -3.034998220110296
        },
        "test": {
            "rmse": 2.975920260030134,
            "score": -2.975920260030134
        }
    }
}
