{
    "dataset": "tabular_split_6",
    "algorithm": "dcn2",
    "config": {
        "source": "output_pasterquality/tabular_split_6/dcn2/tuned",
        "seeds": [
            5,
            6,
            7,
            8,
            9
        ],
        "count": 5
    },
    "metrics": {
        "train": {
            "rmse": 1.8584644474871017,
            "score": -1.8584644474871017
        },
        "val": {
            "rmse": 3.3134188403076608,
            "score": -3.3134188403076608
        },
        "test": {
            "rmse": 2.396167999409604,
            "score": -2.396167999409604
        }
    }
}
