{
    "dataset": "new_recorder_whole_merged_batches",
    "algorithm": "dcn2",
    "config": {
        "source": "output_pasterquality/new_recorder_whole_merged_batches/dcn2/tuned",
        "seeds": [
            5,
            6,
            7,
            8,
            9
        ],
        "count": 5
    },
    "metrics": {
        "train": {
            "rmse": 2.712152621278486,
            "score": -2.712152621278486
        },
        "val": {
            "rmse": 2.843364487593709,
            "score": -2.843364487593709
        },
        "test": {
            "rmse": 4.13719165646231,
            "score": -4.13719165646231
        }
    }
}
