{
    "dataset": "tabular_split_2",
    "algorithm": "catboost_",
    "config": {
        "source": "output_pasterquality/tabular_split_2/catboost_/tuned",
        "seeds": [
            0,
            1,
            2,
            3,
            4
        ],
        "count": 5
    },
    "metrics": {
        "train": {
            "rmse": 1.7815001398546715,
            "score": -1.7815001398546715
        },
        "val": {
            "rmse": 3.72680515856219,
            "score": -3.72680515856219
        },
        "test": {
            "rmse": 4.798046029364819,
            "score": -4.798046029364819
        }
    }
}
