{
    "dataset": "tabular_split_5",
    "algorithm": "snn",
    "config": {
        "source": "output_pasterquality/tabular_split_5/snn/tuned",
        "seeds": [
            0,
            1,
            2,
            3,
            4
        ],
        "count": 5
    },
    "metrics": {
        "train": {
            "rmse": 1.609022278308142,
            "score": -1.609022278308142
        },
        "val": {
            "rmse": 3.076052904351421,
            "score": -3.076052904351421
        },
        "test": {
            "rmse": 2.55076821800083,
            "score": -2.55076821800083
        }
    }
}
