{
    "dataset": "data/tabular_split_0",
    "algorithm": "tabnet",
    "config": {
        "source": "output_pasterquality/tabular_split_0/tabnet/tuned",
        "seeds": [
            5,
            6,
            7,
            8,
            9
        ],
        "count": 5
    },
    "metrics": {
        "train": {
            "rmse": 8.727978715734876,
            "score": -8.727978715734876
        },
        "val": {
            "rmse": 2.2590621380674185,
            "score": -2.2590621380674185
        },
        "test": {
            "rmse": 3.558494736615823,
            "score": -3.558494736615823
        }
    }
}
