{
    "dataset": "new_recorder_whole_merged_batches",
    "algorithm": "snn",
    "config": {
        "data": {
            "normalization": "quantile",
            "path": "data/new_recorder_whole_merged_batches",
            "y_policy": "mean_std"
        },
        "model": {
            "d_layers": [
                270,
                368,
                368,
                368,
                368,
                368,
                368,
                368,
                368,
                368,
                25
            ],
            "dropout": 0.01701730383250129
        },
        "seed": 0,
        "training": {
            "batch_size": 32,
            "eval_batch_size": 8192,
            "lr": 0.0007947976965896372,
            "lr_n_decays": 0,
            "n_epochs": 1000000000,
            "optimizer": "adamw",
            "patience": 16,
            "weight_decay": 0
        }
    },
    "environment": {
        "devices": {
            "CUDA_VISIBLE_DEVICES": "0,1",
            "torch.version.cuda": "11.7",
            "torch.backends.cudnn.version()": 8500,
            "torch.cuda.nccl.version()": [
                2,
                14,
                3
            ],
            "driver": "525.105.17",
            "0": {
                "name": "NVIDIA GeForce RTX 3080",
                "total_memory": 10737418240
            },
            "1": {
                "name": "NVIDIA GeForce RTX 3080",
                "total_memory": 10737418240
            }
        }
    },
    "batch_size": 32,
    "epoch_size": 9,
    "n_parameters": 1201525,
    "best_epoch": 36,
    "metrics": {
        "train": {
            "rmse": 1.9484454229760482,
            "score": -1.9484454229760482
        },
        "val": {
            "rmse": 2.2739107915975927,
            "score": -2.2739107915975927
        },
        "test": {
            "rmse": 2.6117189150246385,
            "score": -2.6117189150246385
        }
    },
    "time": "0:00:03"
}
