{
    "dataset": "tabular_split_6",
    "algorithm": "resnet",
    "config": {
        "source": "output_pasterquality/tabular_split_6/resnet/tuned",
        "seeds": [
            5,
            6,
            7,
            8,
            9
        ],
        "count": 5
    },
    "metrics": {
        "train": {
            "rmse": 2.676934954081155,
            "score": -2.676934954081155
        },
        "val": {
            "rmse": 2.7410179431095814,
            "score": -2.7410179431095814
        },
        "test": {
            "rmse": 2.101566515292768,
            "score": -2.101566515292768
        }
    }
}
