{
    "dataset": "data/tabular_split_3",
    "algorithm": "tabnet",
    "config": {
        "source": "output_pasterquality/tabular_split_3/tabnet/tuned",
        "seeds": [
            5,
            6,
            7,
            8,
            9
        ],
        "count": 5
    },
    "metrics": {
        "train": {
            "rmse": 12.942929631629909,
            "score": -12.942929631629909
        },
        "val": {
            "rmse": 2.386986126489006,
            "score": -2.386986126489006
        },
        "test": {
            "rmse": 6.949920360572489,
            "score": -6.949920360572489
        }
    }
}
