{
    "dataset": "tabular_split_0",
    "algorithm": "snn",
    "config": {
        "source": "output_pasterquality/tabular_split_0/snn/tuned",
        "seeds": [
            0,
            1,
            2,
            3,
            4
        ],
        "count": 5
    },
    "metrics": {
        "train": {
            "rmse": 1.8133604663328093,
            "score": -1.8133604663328093
        },
        "val": {
            "rmse": 2.0480171387191706,
            "score": -2.0480171387191706
        },
        "test": {
            "rmse": 2.6845115022848773,
            "score": -2.6845115022848773
        }
    }
}
