{
    "dataset": "tabular_split_0",
    "algorithm": "resnet",
    "config": {
        "source": "output_pasterquality/tabular_split_0/resnet/tuned",
        "seeds": [
            0,
            1,
            2,
            3,
            4
        ],
        "count": 5
    },
    "metrics": {
        "train": {
            "rmse": 3.1059594302077507,
            "score": -3.1059594302077507
        },
        "val": {
            "rmse": 2.14767482702522,
            "score": -2.14767482702522
        },
        "test": {
            "rmse": 2.6131369645012863,
            "score": -2.6131369645012863
        }
    }
}
