{
    "dataset": "tabular_split_6",
    "algorithm": "ft_transformer",
    "config": {
        "source": "output_pasterquality/tabular_split_6/ft_transformer/tuned",
        "seeds": [
            10,
            11,
            12,
            13,
            14
        ],
        "count": 5
    },
    "metrics": {
        "train": {
            "rmse": 2.4559523118639275,
            "score": -2.4559523118639275
        },
        "val": {
            "rmse": 3.0657356382261787,
            "score": -3.0657356382261787
        },
        "test": {
            "rmse": 2.39830969129658,
            "score": -2.39830969129658
        }
    }
}
