{
    "dataset": "data/new_recorder_whole_merged_batches",
    "algorithm": "tabnet",
    "config": {
        "source": "output_pasterquality/new_recorder_whole_merged_batches/tabnet/tuned",
        "seeds": [
            10,
            11,
            12,
            13,
            14
        ],
        "count": 5
    },
    "metrics": {
        "train": {
            "rmse": 3.60248332001446,
            "score": -3.60248332001446
        },
        "val": {
            "rmse": 3.0072468653401194,
            "score": -3.0072468653401194
        },
        "test": {
            "rmse": 3.7321052044406846,
            "score": -3.7321052044406846
        }
    }
}
