{
    "config": {
        "data": {
            "path": "data/new_recorder_whole_merged_batches",
            "y_policy": "mean_std"
        },
        "fit": {
            "early_stopping_rounds": 50,
            "verbose": true
        },
        "model": {
            "colsample_bytree": 0.8345893062495058,
            "learning_rate": 0.3530622232743255,
            "min_child_samples": 16,
            "min_child_weight": 0.0001140503548903848,
            "n_estimators": 2000,
            "n_jobs": 1,
            "num_leaves": 27,
            "reg_lambda": 0.001038599909563687,
            "subsample": 0.6383958352315131
        },
        "seed": 11
    },
    "environment": {
        "devices": {
            "CUDA_VISIBLE_DEVICES": "0,1",
            "torch.version.cuda": "11.7",
            "torch.backends.cudnn.version()": 8500,
            "torch.cuda.nccl.version()": [
                2,
                14,
                3
            ],
            "driver": "525.105.17",
            "0": {
                "name": "NVIDIA GeForce RTX 3080",
                "total_memory": 10737418240
            },
            "1": {
                "name": "NVIDIA GeForce RTX 3080",
                "total_memory": 10737418240
            }
        }
    },
    "dataset": "new_recorder_whole_merged_batches",
    "algorithm": "lightgbm_",
    "metrics": {
        "train": {
            "rmse": 1.0129266516016235,
            "score": -1.0129266516016235
        },
        "val": {
            "rmse": 3.74198451399492,
            "score": -3.74198451399492
        },
        "test": {
            "rmse": 3.7632905057841546,
            "score": -3.7632905057841546
        }
    },
    "time": "0:00:00"
}
