{
    "dataset": "tabular_split_3",
    "algorithm": "catboost_",
    "config": {
        "source": "output_pasterquality/tabular_split_3/catboost_/tuned",
        "seeds": [
            5,
            6,
            7,
            8,
            9
        ],
        "count": 5
    },
    "metrics": {
        "train": {
            "rmse": 1.871391249338315,
            "score": -1.871391249338315
        },
        "val": {
            "rmse": 2.8387614390902263,
            "score": -2.8387614390902263
        },
        "test": {
            "rmse": 2.99152670803103,
            "score": -2.99152670803103
        }
    }
}
