{
    "dataset": "tabular_split_1",
    "algorithm": "resnet",
    "config": {
        "source": "output_pasterquality/tabular_split_1/resnet/tuned",
        "seeds": [
            5,
            6,
            7,
            8,
            9
        ],
        "count": 5
    },
    "metrics": {
        "train": {
            "rmse": 2.091062993683423,
            "score": -2.091062993683423
        },
        "val": {
            "rmse": 2.208707738725091,
            "score": -2.208707738725091
        },
        "test": {
            "rmse": 3.2389901668596206,
            "score": -3.2389901668596206
        }
    }
}
