{
    "dataset": "tabular_split_6",
    "algorithm": "mlp",
    "config": {
        "source": "output_pasterquality/tabular_split_6/mlp/tuned",
        "seeds": [
            0,
            1,
            2,
            3,
            4
        ],
        "count": 5
    },
    "metrics": {
        "train": {
            "rmse": 1.5863825837816408,
            "score": -1.5863825837816408
        },
        "val": {
            "rmse": 3.051359097280183,
            "score": -3.051359097280183
        },
        "test": {
            "rmse": 2.2041313188402727,
            "score": -2.2041313188402727
        }
    }
}
