{
    "dataset": "tabular_split_1",
    "algorithm": "xgboost_",
    "config": {
        "source": "output_pasterquality/tabular_split_1/xgboost_/tuned",
        "seeds": [
            10,
            11,
            12,
            13,
            14
        ],
        "count": 5
    },
    "metrics": {
        "train": {
            "rmse": 1.2424515994897234,
            "score": -1.2424515994897234
        },
        "val": {
            "rmse": 2.0677100014160885,
            "score": -2.0677100014160885
        },
        "test": {
            "rmse": 3.145511021625011,
            "score": -3.145511021625011
        }
    }
}
