{
    "dataset": "tabular_split_0",
    "algorithm": "xgboost_",
    "config": {
        "source": "output_pasterquality/tabular_split_0/xgboost_/tuned",
        "seeds": [
            5,
            6,
            7,
            8,
            9
        ],
        "count": 5
    },
    "metrics": {
        "train": {
            "rmse": 1.8577896389956035,
            "score": -1.8577896389956035
        },
        "val": {
            "rmse": 2.39166488366995,
            "score": -2.39166488366995
        },
        "test": {
            "rmse": 2.3708831486458823,
            "score": -2.3708831486458823
        }
    }
}
