{
    "dataset": "tabular_split_1",
    "algorithm": "mlp",
    "config": {
        "source": "output_pasterquality/tabular_split_1/mlp/tuned",
        "seeds": [
            5,
            6,
            7,
            8,
            9
        ],
        "count": 5
    },
    "metrics": {
        "train": {
            "rmse": 2.0897138730008633,
            "score": -2.0897138730008633
        },
        "val": {
            "rmse": 2.309636213222475,
            "score": -2.309636213222475
        },
        "test": {
            "rmse": 3.2189482091801036,
            "score": -3.2189482091801036
        }
    }
}
