{
    "dataset": "tabular_split_1",
    "algorithm": "resnet",
    "config": {
        "source": "output_pasterquality/tabular_split_1/resnet/tuned",
        "seeds": [
            0,
            1,
            2,
            3,
            4
        ],
        "count": 5
    },
    "metrics": {
        "train": {
            "rmse": 2.47280858443841,
            "score": -2.47280858443841
        },
        "val": {
            "rmse": 2.130068860389013,
            "score": -2.130068860389013
        },
        "test": {
            "rmse": 3.851924526288691,
            "score": -3.851924526288691
        }
    }
}
