{
    "dataset": "tabular_split_3",
    "algorithm": "grownet",
    "config": {
        "source": "output_pasterquality/tabular_split_3/grownet/tuned",
        "seeds": [
            5,
            6,
            7,
            8,
            9
        ],
        "count": 5
    },
    "metrics": {
        "train": {
            "rmse": 1.9001593790618525,
            "score": -1.9001593790618525
        },
        "val": {
            "rmse": 2.7953363065373904,
            "score": -2.7953363065373904
        },
        "test": {
            "rmse": 2.8342762508077177,
            "score": -2.8342762508077177
        }
    }
}
