{
    "dataset": "tabular_split_6",
    "algorithm": "mlp",
    "config": {
        "source": "output_pasterquality/tabular_split_6/mlp/tuned",
        "seeds": [
            5,
            6,
            7,
            8,
            9
        ],
        "count": 5
    },
    "metrics": {
        "train": {
            "rmse": 1.5439784755153898,
            "score": -1.5439784755153898
        },
        "val": {
            "rmse": 3.174667203566328,
            "score": -3.174667203566328
        },
        "test": {
            "rmse": 2.240631407168179,
            "score": -2.240631407168179
        }
    }
}
