{
    "dataset": "data/tabular_split_1",
    "algorithm": "tabnet",
    "config": {
        "source": "output_pasterquality/tabular_split_1/tabnet/tuned",
        "seeds": [
            5,
            6,
            7,
            8,
            9
        ],
        "count": 5
    },
    "metrics": {
        "train": {
            "rmse": 7.614217541030075,
            "score": -7.614217541030075
        },
        "val": {
            "rmse": 2.299785845084514,
            "score": -2.299785845084514
        },
        "test": {
            "rmse": 10.16262202682936,
            "score": -10.16262202682936
        }
    }
}
