{
    "dataset": "tabular_split_2",
    "algorithm": "lightgbm_",
    "config": {
        "source": "output_pasterquality/tabular_split_2/lightgbm_/tuned",
        "seeds": [
            0,
            1,
            2,
            3,
            4
        ],
        "count": 5
    },
    "metrics": {
        "train": {
            "rmse": 0.06220476598584911,
            "score": -0.06220476598584911
        },
        "val": {
            "rmse": 3.5682104100814787,
            "score": -3.5682104100814787
        },
        "test": {
            "rmse": 4.101630083460189,
            "score": -4.101630083460189
        }
    }
}
