{
    "config": {
        "data": {
            "path": "data/tabular_split_6",
            "y_policy": "mean_std"
        },
        "fit": {
            "early_stopping_rounds": 50,
            "verbose": true
        },
        "model": {
            "colsample_bytree": 0.8345893062495058,
            "learning_rate": 0.3530622232743255,
            "min_child_samples": 16,
            "min_child_weight": 0.0001140503548903848,
            "n_estimators": 2000,
            "n_jobs": 1,
            "num_leaves": 27,
            "reg_lambda": 0.001038599909563687,
            "subsample": 0.6383958352315131
        },
        "seed": 10
    },
    "environment": {
        "devices": {
            "CUDA_VISIBLE_DEVICES": "0,1",
            "torch.version.cuda": "11.7",
            "torch.backends.cudnn.version()": 8500,
            "torch.cuda.nccl.version()": [
                2,
                14,
                3
            ],
            "driver": "535.104.05",
            "0": {
                "name": "NVIDIA GeForce RTX 3080",
                "total_memory": 10737418240
            },
            "1": {
                "name": "NVIDIA GeForce RTX 3080",
                "total_memory": 10737418240
            }
        }
    },
    "dataset": "tabular_split_6",
    "algorithm": "lightgbm_",
    "metrics": {
        "train": {
            "rmse": 0.002536977520358929,
            "score": -0.002536977520358929
        },
        "val": {
            "rmse": 4.781347476023572,
            "score": -4.781347476023572
        },
        "test": {
            "rmse": 3.093300933796501,
            "score": -3.093300933796501
        }
    },
    "time": "0:00:00"
}
