{
    "dataset": "new_recorder_whole_merged_batches",
    "algorithm": "resnet",
    "config": {
        "source": "output_pasterquality/new_recorder_whole_merged_batches/resnet/tuned",
        "seeds": [
            5,
            6,
            7,
            8,
            9
        ],
        "count": 5
    },
    "metrics": {
        "train": {
            "rmse": 2.620829997388284,
            "score": -2.620829997388284
        },
        "val": {
            "rmse": 2.521167084673864,
            "score": -2.521167084673864
        },
        "test": {
            "rmse": 2.455083334067375,
            "score": -2.455083334067375
        }
    }
}
