{
    "dataset": "new_recorder_whole_merged_batches",
    "algorithm": "catboost_",
    "config": {
        "source": "output_pasterquality/new_recorder_whole_merged_batches/catboost_/tuned",
        "seeds": [
            5,
            6,
            7,
            8,
            9
        ],
        "count": 5
    },
    "metrics": {
        "train": {
            "rmse": 1.8330443670540333,
            "score": -1.8330443670540333
        },
        "val": {
            "rmse": 3.87093693023311,
            "score": -3.87093693023311
        },
        "test": {
            "rmse": 3.8515088986463,
            "score": -3.8515088986463
        }
    }
}
