{
    "dataset": "tabular_split_4",
    "algorithm": "snn",
    "config": {
        "source": "output_pasterquality/tabular_split_4/snn/tuned",
        "seeds": [
            5,
            6,
            7,
            8,
            9
        ],
        "count": 5
    },
    "metrics": {
        "train": {
            "rmse": 2.1457444012682108,
            "score": -2.1457444012682108
        },
        "val": {
            "rmse": 2.8537199794518084,
            "score": -2.8537199794518084
        },
        "test": {
            "rmse": 2.9037300024399095,
            "score": -2.9037300024399095
        }
    }
}
