{
    "dataset": "tabular_split_5",
    "algorithm": "xgboost_",
    "config": {
        "source": "output_pasterquality/tabular_split_5/xgboost_/tuned",
        "seeds": [
            5,
            6,
            7,
            8,
            9
        ],
        "count": 5
    },
    "metrics": {
        "train": {
            "rmse": 1.5682687582317465,
            "score": -1.5682687582317465
        },
        "val": {
            "rmse": 3.0023836513450743,
            "score": -3.0023836513450743
        },
        "test": {
            "rmse": 4.06740137060604,
            "score": -4.06740137060604
        }
    }
}
