{
    "dataset": "new_recorder_whole_merged_batches",
    "algorithm": "dcn2",
    "config": {
        "source": "output_pasterquality/new_recorder_whole_merged_batches/dcn2/tuned",
        "seeds": [
            10,
            11,
            12,
            13,
            14
        ],
        "count": 5
    },
    "metrics": {
        "train": {
            "rmse": 2.642587129386865,
            "score": -2.642587129386865
        },
        "val": {
            "rmse": 2.579789666064147,
            "score": -2.579789666064147
        },
        "test": {
            "rmse": 3.8729771310441383,
            "score": -3.8729771310441383
        }
    }
}
