{
    "dataset": "data/tabular_split_6",
    "algorithm": "tabnet",
    "config": {
        "source": "output_pasterquality/tabular_split_6/tabnet/tuned",
        "seeds": [
            5,
            6,
            7,
            8,
            9
        ],
        "count": 5
    },
    "metrics": {
        "train": {
            "rmse": 4.001676339559719,
            "score": -4.001676339559719
        },
        "val": {
            "rmse": 2.6795501474810832,
            "score": -2.6795501474810832
        },
        "test": {
            "rmse": 2.4534011942568434,
            "score": -2.4534011942568434
        }
    }
}
