{
    "dataset": "new_recorder_whole_merged_batches",
    "algorithm": "dcn2",
    "config": {
        "source": "output_pasterquality/new_recorder_whole_merged_batches/dcn2/tuned",
        "seeds": [
            0,
            1,
            2,
            3,
            4
        ],
        "count": 5
    },
    "metrics": {
        "train": {
            "rmse": 2.37591384129732,
            "score": -2.37591384129732
        },
        "val": {
            "rmse": 2.4570817842746147,
            "score": -2.4570817842746147
        },
        "test": {
            "rmse": 3.5746054049100136,
            "score": -3.5746054049100136
        }
    }
}
