{
    "dataset": "tabular_split_0",
    "algorithm": "ft_transformer",
    "config": {
        "source": "output_pasterquality/tabular_split_0/ft_transformer/tuned",
        "seeds": [
            0,
            1,
            2,
            3,
            4
        ],
        "count": 5
    },
    "metrics": {
        "train": {
            "rmse": 2.6817904597451565,
            "score": -2.6817904597451565
        },
        "val": {
            "rmse": 2.2295320384402855,
            "score": -2.2295320384402855
        },
        "test": {
            "rmse": 2.6456252009222165,
            "score": -2.6456252009222165
        }
    }
}
